Zone,Period,Regime,Sector,Ann_Return,Index_Return,Alpha,Max_Drawdown
US,P1 (2005-2012),GOLDILOCKS,XLK,0.13877261136377536,0.12397070695582887,0.014801904407946487,-0.04090234310917943
US,P1 (2005-2012),GOLDILOCKS,XLY,0.1626535421151843,0.12397070695582887,0.038682835159355416,-0.05635753969040681
US,P1 (2005-2012),GOLDILOCKS,XLF,0.2031161498435162,0.12397070695582887,0.07914544288768732,-0.5736595836922623
US,P1 (2005-2012),GOLDILOCKS,XLE,-0.0338609243732934,0.12397070695582887,-0.15783163132912226,-0.14513942712507807
US,P1 (2005-2012),GOLDILOCKS,XLB,0.21928556695304177,0.12397070695582887,0.0953148599972129,-0.13009630713963938
US,P1 (2005-2012),GOLDILOCKS,XLRE,0.0,0.12397070695582887,-0.12397070695582887,
US,P1 (2005-2012),GOLDILOCKS,XLC,0.0,0.12397070695582887,-0.12397070695582887,
US,P1 (2005-2012),GOLDILOCKS,XLU,0.001979169702383615,0.12397070695582887,-0.12199153725344526,-0.06601132952742753
US,P1 (2005-2012),GOLDILOCKS,XLV,0.15585474067515276,0.12397070695582887,0.031884033719323884,-0.053090493254439305
US,P1 (2005-2012),GOLDILOCKS,XLI,0.24638956479478155,0.12397070695582887,0.12241885783895268,-0.06967440092088545
US,P1 (2005-2012),GOLDILOCKS,DBC,-0.09532129791606651,0.12397070695582887,-0.21929200487189537,-0.18080058051167158
US,P1 (2005-2012),REFLATION,XLK,0.18166827484099565,0.1492940095504221,0.03237426529057355,-0.37333836160135336
US,P1 (2005-2012),REFLATION,XLY,0.2022619174206073,0.1492940095504221,0.05296790787018521,-0.44046625624790314
US,P1 (2005-2012),REFLATION,XLF,0.11752543256226022,0.1492940095504221,-0.03176857698816188,-0.6842912878308072
US,P1 (2005-2012),REFLATION,XLE,0.22917244712929433,0.1492940095504221,0.07987843757887222,-0.414535600695417
US,P1 (2005-2012),REFLATION,XLB,0.2014223874533008,0.1492940095504221,0.05212837790287869,-0.4210144277853226
US,P1 (2005-2012),REFLATION,XLRE,0.0,0.1492940095504221,-0.1492940095504221,
US,P1 (2005-2012),REFLATION,XLC,0.0,0.1492940095504221,-0.1492940095504221,
US,P1 (2005-2012),REFLATION,XLU,0.15792936432495544,0.1492940095504221,0.008635354774533338,-0.3613372955141366
US,P1 (2005-2012),REFLATION,XLV,0.1316629624348729,0.1492940095504221,-0.017631047115549192,-0.3051276556044249
US,P1 (2005-2012),REFLATION,XLI,0.21790727289372994,0.1492940095504221,0.06861326334330783,-0.4865906319713242
US,P1 (2005-2012),REFLATION,DBC,0.16920846145414173,0.1492940095504221,0.019914451903719627,-0.32512952426467107
US,P1 (2005-2012),STAGFLATION,XLK,0.015496467762864242,-0.03916607543331715,0.05466254319618139,-0.3824105248164005
US,P1 (2005-2012),STAGFLATION,XLY,-0.3211043399372549,-0.03916607543331715,-0.2819382645039378,-0.379687792201188
US,P1 (2005-2012),STAGFLATION,XLF,-0.20653502431692422,-0.03916607543331715,-0.16736894888360707,-0.6697030388524143
US,P1 (2005-2012),STAGFLATION,XLE,0.3943186377208539,-0.03916607543331715,0.43348471315417103,-0.4686381263460745
US,P1 (2005-2012),STAGFLATION,XLB,0.10419649044506188,-0.03916607543331715,0.14336256587837903,-0.42947482957544103
US,P1 (2005-2012),STAGFLATION,XLRE,0.0,-0.03916607543331715,0.03916607543331715,
US,P1 (2005-2012),STAGFLATION,XLC,0.0,-0.03916607543331715,0.03916607543331715,
US,P1 (2005-2012),STAGFLATION,XLU,0.22715207158867448,-0.03916607543331715,0.26631814702199164,-0.38802313638937697
US,P1 (2005-2012),STAGFLATION,XLV,0.1821842355945243,-0.03916607543331715,0.22135031102784145,-0.32070621157459583
US,P1 (2005-2012),STAGFLATION,XLI,-0.15656923337987375,-0.03916607543331715,-0.11740315794655659,-0.4405074448785957
US,P1 (2005-2012),STAGFLATION,DBC,0.6570128143235573,-0.03916607543331715,0.6961788897568745,-0.5498589692219326
US,P1 (2005-2012),DEFLATION,XLK,-0.1266054761130303,-0.18314113362588919,0.05653565751285888,-0.4422572081938448
US,P1 (2005-2012),DEFLATION,XLY,0.02832522312157697,-0.18314113362588919,0.21146635674746617,-0.4983240388698788
US,P1 (2005-2012),DEFLATION,XLF,-0.170747132791518,-0.18314113362588919,0.012394000834371172,-0.791579239234659
US,P1 (2005-2012),DEFLATION,XLE,-0.27886908347036554,-0.18314113362588919,-0.09572794984447636,-0.5331392039704225
US,P1 (2005-2012),DEFLATION,XLB,-0.19896957790447833,-0.18314113362588919,-0.01582844427858915,-0.5474848135029317
US,P1 (2005-2012),DEFLATION,XLRE,0.0,-0.18314113362588919,0.18314113362588919,
US,P1 (2005-2012),DEFLATION,XLC,0.0,-0.18314113362588919,0.18314113362588919,
US,P1 (2005-2012),DEFLATION,XLU,-0.1908060709969648,-0.18314113362588919,-0.007664937371075625,-0.44221147826140134
US,P1 (2005-2012),DEFLATION,XLV,-0.15699286659959294,-0.18314113362588919,0.026148267026296246,-0.3778611519605348
US,P1 (2005-2012),DEFLATION,XLI,-0.18010205510811642,-0.18314113362588919,0.0030390785177727697,-0.5817659923711642
US,P1 (2005-2012),DEFLATION,DBC,-0.45246382097818133,-0.18314113362588919,-0.26932268735229214,-0.5987763959747563
US,P2 (2013-2019),GOLDILOCKS,XLK,0.19696547705208092,0.11601790784441685,0.08094756920766408,-0.09430532924626339
US,P2 (2013-2019),GOLDILOCKS,XLY,0.16013485014100462,0.11601790784441685,0.044116942296587774,-0.09450850563885575
US,P2 (2013-2019),GOLDILOCKS,XLF,0.13394962364708618,0.11601790784441685,0.017931715802669335,-0.13013980911152986
US,P2 (2013-2019),GOLDILOCKS,XLE,-0.06348850986117925,0.11601790784441685,-0.1795064177055961,-0.29199952552693187
US,P2 (2013-2019),GOLDILOCKS,XLB,0.04647840893405539,0.11601790784441685,-0.06953949891036146,-0.14661476537050488
US,P2 (2013-2019),GOLDILOCKS,XLRE,0.07399815907971022,0.11601790784441685,-0.04201974876470663,-0.1097190311216626
US,P2 (2013-2019),GOLDILOCKS,XLC,0.03624074792745693,0.11601790784441685,-0.07977715991695991,-0.1219301952689433
US,P2 (2013-2019),GOLDILOCKS,XLU,0.09497567816421928,0.11601790784441685,-0.02104222968019756,-0.14659949830243388
US,P2 (2013-2019),GOLDILOCKS,XLV,0.2016356550914274,0.11601790784441685,0.08561774724701054,-0.13465190022300216
US,P2 (2013-2019),GOLDILOCKS,XLI,0.0865781196817131,0.11601790784441685,-0.029439788162703748,-0.10337488978791604
US,P2 (2013-2019),GOLDILOCKS,DBC,-0.1090261961989739,0.11601790784441685,-0.22504410404339076,-0.44468453287255594
US,P2 (2013-2019),REFLATION,XLK,0.21253711198081432,0.16548400032503244,0.04705311165578188,-0.10377248949006718
US,P2 (2013-2019),REFLATION,XLY,0.18458485860593174,0.16548400032503244,0.019100858280899302,-0.08469258456432874
US,P2 (2013-2019),REFLATION,XLF,0.22626699217885127,0.16548400032503244,0.06078299185381883,-0.10447478617330636
US,P2 (2013-2019),REFLATION,XLE,0.13086968276854305,0.16548400032503244,-0.03461431755648939,-0.32773026385541315
US,P2 (2013-2019),REFLATION,XLB,0.14653210920542836,0.16548400032503244,-0.018951891119604075,-0.1098904220620199
US,P2 (2013-2019),REFLATION,XLRE,0.004361405644137035,0.16548400032503244,-0.1611225946808954,-0.12758411810751086
US,P2 (2013-2019),REFLATION,XLC,0.0,0.16548400032503244,-0.16548400032503244,
US,P2 (2013-2019),REFLATION,XLU,0.12336034348343036,0.16548400032503244,-0.042123656841602075,-0.1392619729388952
US,P2 (2013-2019),REFLATION,XLV,0.18503130984764976,0.16548400032503244,0.019547309522617323,-0.12003483552467717
US,P2 (2013-2019),REFLATION,XLI,0.18348136064867984,0.16548400032503244,0.017997360323647404,-0.1129779496226685
US,P2 (2013-2019),REFLATION,DBC,0.006615301188257563,0.16548400032503244,-0.15886869913677487,-0.5092689762011685
US,P2 (2013-2019),STAGFLATION,XLK,-0.03932273365319161,-0.041118473196833705,0.0017957395436420942,0.0
US,P2 (2013-2019),STAGFLATION,XLY,0.19501259030679363,-0.041118473196833705,0.23613106350362734,0.0
US,P2 (2013-2019),STAGFLATION,XLF,-0.36429687838233815,-0.041118473196833705,-0.32317840518550445,0.0
US,P2 (2013-2019),STAGFLATION,XLE,-0.5290819612526552,-0.041118473196833705,-0.48796348805582146,0.0
US,P2 (2013-2019),STAGFLATION,XLB,-3.1671084951738413,-0.041118473196833705,-3.1259900219770076,0.0
US,P2 (2013-2019),STAGFLATION,XLRE,2.1192418470217502,-0.041118473196833705,2.160360320218584,0.0
US,P2 (2013-2019),STAGFLATION,XLC,0.0,-0.041118473196833705,0.041118473196833705,
US,P2 (2013-2019),STAGFLATION,XLU,2.018822512777982,-0.041118473196833705,2.0599409859748157,0.0
US,P2 (2013-2019),STAGFLATION,XLV,0.7600479290813686,-0.041118473196833705,0.8011664022782023,0.0
US,P2 (2013-2019),STAGFLATION,XLI,-0.8302175352898973,-0.041118473196833705,-0.7890990620930636,0.0
US,P2 (2013-2019),STAGFLATION,DBC,1.7668579566662321,-0.041118473196833705,1.8079764298630658,0.0
US,P2 (2013-2019),DEFLATION,XLK,0.0452967463039287,-0.008674791577379368,0.05397153788130807,-0.18297214097500356
US,P2 (2013-2019),DEFLATION,XLY,0.03971682533617368,-0.008674791577379368,0.04839161691355305,-0.16061709150742182
US,P2 (2013-2019),DEFLATION,XLF,-0.1165883256377599,-0.008674791577379368,-0.10791353406038053,-0.19678468512028194
US,P2 (2013-2019),DEFLATION,XLE,-0.015156570590258558,-0.008674791577379368,-0.006481779012879191,-0.35668828014067827
US,P2 (2013-2019),DEFLATION,XLB,0.15654923140601304,-0.008674791577379368,0.1652240229833924,-0.19027311516894838
US,P2 (2013-2019),DEFLATION,XLRE,0.20377103312104877,-0.008674791577379368,0.21244582469842815,-0.13422397986205645
US,P2 (2013-2019),DEFLATION,XLC,-0.009724986003568248,-0.008674791577379368,-0.0010501944261888801,-0.15684950959638724
US,P2 (2013-2019),DEFLATION,XLU,0.2455957854789363,-0.008674791577379368,0.25427057705631567,-0.10175416959687354
US,P2 (2013-2019),DEFLATION,XLV,-0.151411227081946,-0.008674791577379368,-0.1427364355045666,-0.15441445287919356
US,P2 (2013-2019),DEFLATION,XLI,0.15103490665457356,-0.008674791577379368,0.1597096982319529,-0.1799996736629066
US,P2 (2013-2019),DEFLATION,DBC,-0.15733983044911035,-0.008674791577379368,-0.148665038871731,-0.47410357252713453
US,P3 (2020-2022),GOLDILOCKS,XLK,0.4352841151518534,0.27924910840173783,0.15603500675011556,-0.12693782449730365
US,P3 (2020-2022),GOLDILOCKS,XLY,0.336411080364217,0.27924910840173783,0.057161971962479186,-0.0945435560830215
US,P3 (2020-2022),GOLDILOCKS,XLF,0.2603542772340743,0.27924910840173783,-0.01889483116766355,-0.26478253039670807
US,P3 (2020-2022),GOLDILOCKS,XLE,0.018484667195913396,0.27924910840173783,-0.2607644412058244,-0.5208572933930594
US,P3 (2020-2022),GOLDILOCKS,XLB,0.27563746798482264,0.27924910840173783,-0.003611640416915196,-0.11104445514133061
US,P3 (2020-2022),GOLDILOCKS,XLRE,0.24855369086236825,0.27924910840173783,-0.03069541753936958,-0.18329809548575052
US,P3 (2020-2022),GOLDILOCKS,XLC,0.23432575957365212,0.27924910840173783,-0.04492334882808571,-0.14287085130014374
US,P3 (2020-2022),GOLDILOCKS,XLU,0.2711921054771144,0.27924910840173783,-0.008057002924623413,-0.20825939926007364
US,P3 (2020-2022),GOLDILOCKS,XLV,0.18440970842923968,0.27924910840173783,-0.09483939997249816,-0.07428632618215301
US,P3 (2020-2022),GOLDILOCKS,XLI,0.2602798219164338,0.27924910840173783,-0.01896928648530405,-0.2144852948861475
US,P3 (2020-2022),GOLDILOCKS,DBC,0.12055796607365088,0.27924910840173783,-0.15869114232808695,-0.2723902742303959
US,P3 (2020-2022),REFLATION,XLK,0.15035179789639097,0.17237448509872566,-0.02202268720233469,-0.20568575246318185
US,P3 (2020-2022),REFLATION,XLY,0.11006221846710962,0.17237448509872566,-0.06231226663161604,-0.3105081088839653
US,P3 (2020-2022),REFLATION,XLF,0.3020181942665998,0.17237448509872566,0.12964370916787415,-0.141703182069707
US,P3 (2020-2022),REFLATION,XLE,0.620631442707597,0.17237448509872566,0.4482569576088713,-0.136845528925029
US,P3 (2020-2022),REFLATION,XLB,0.2487001571134084,0.17237448509872566,0.07632567201468274,-0.10012646986322045
US,P3 (2020-2022),REFLATION,XLRE,0.321093106619525,0.17237448509872566,0.14871862152079934,-0.21904093784364284
US,P3 (2020-2022),REFLATION,XLC,0.13918587283698336,0.17237448509872566,-0.0331886122617423,-0.3798539428007164
US,P3 (2020-2022),REFLATION,XLU,0.19128048225314426,0.17237448509872566,0.018905997154418597,-0.08954744453108779
US,P3 (2020-2022),REFLATION,XLV,0.23563480555396576,0.17237448509872566,0.0632603204552401,-0.0806110087245502
US,P3 (2020-2022),REFLATION,XLI,0.17560799209540873,0.17237448509872566,0.0032335069966830665,-0.06987598366096891
US,P3 (2020-2022),REFLATION,DBC,0.4971173147114628,0.17237448509872566,0.32474282961273715,-0.10014720182953497
US,P3 (2020-2022),STAGFLATION,XLK,-0.14977391923857694,-0.12844294840928747,-0.021330970829289475,-0.26141919087374377
US,P3 (2020-2022),STAGFLATION,XLY,-0.31902313638246377,-0.12844294840928747,-0.1905801879731763,-0.31563742196573674
US,P3 (2020-2022),STAGFLATION,XLF,-0.06659936296698822,-0.12844294840928747,0.061843585442299245,-0.23610684710344237
US,P3 (2020-2022),STAGFLATION,XLE,0.43950198963723425,-0.12844294840928747,0.5679449380465217,-0.26043729288328954
US,P3 (2020-2022),STAGFLATION,XLB,-0.07638597841135068,-0.12844294840928747,0.05205696999793678,-0.2471635505107931
US,P3 (2020-2022),STAGFLATION,XLRE,-0.261891636457255,-0.12844294840928747,-0.13344868804796753,-0.3211134456673145
US,P3 (2020-2022),STAGFLATION,XLC,-0.4049058866395751,-0.12844294840928747,-0.27646293823028767,-0.36755496637038215
US,P3 (2020-2022),STAGFLATION,XLU,0.016211411359104894,-0.12844294840928747,0.14465435976839236,-0.2071596591811473
US,P3 (2020-2022),STAGFLATION,XLV,0.01949732381013259,-0.12844294840928747,0.14794027221942005,-0.14535208930032822
US,P3 (2020-2022),STAGFLATION,XLI,0.03604324540551408,-0.12844294840928747,0.16448619381480156,-0.19060917704580177
US,P3 (2020-2022),STAGFLATION,DBC,0.1761996468243361,-0.12844294840928747,0.3046425952336236,-0.23190307207668076
US,P3 (2020-2022),DEFLATION,XLK,-0.002569289047034351,-0.2783710453680651,0.27580175632103077,-0.22087833930976028
US,P3 (2020-2022),DEFLATION,XLY,-0.03610668918964349,-0.2783710453680651,0.24226435617842162,-0.25198886090872147
US,P3 (2020-2022),DEFLATION,XLF,-0.6953712813369587,-0.2783710453680651,-0.4170002359688936,-0.34834434449438045
US,P3 (2020-2022),DEFLATION,XLE,-0.5380133444530921,-0.2783710453680651,-0.259642299085027,-0.47481374131194665
US,P3 (2020-2022),DEFLATION,XLB,-0.08716397964407466,-0.2783710453680651,0.19120706572399046,-0.29755748665416676
US,P3 (2020-2022),DEFLATION,XLRE,-0.543004175227501,-0.2783710453680651,-0.2646331298594359,-0.3451422307670987
US,P3 (2020-2022),DEFLATION,XLC,-0.043747152693354385,-0.2783710453680651,0.23462389267471073,-0.20811175641065835
US,P3 (2020-2022),DEFLATION,XLU,-0.6549551650941311,-0.2783710453680651,-0.376584119726066,-0.3292963733059254
US,P3 (2020-2022),DEFLATION,XLV,-0.07966587486050387,-0.2783710453680651,0.19870517050756126,-0.23229047651919554
US,P3 (2020-2022),DEFLATION,XLI,-0.504481876815591,-0.2783710453680651,-0.22611083144752586,-0.33975493394686396
US,P3 (2020-2022),DEFLATION,DBC,-0.7913820953948683,-0.2783710453680651,-0.5130110500268031,-0.247311825422584
US,P4 (2023-2026),GOLDILOCKS,XLK,0.2905435766588459,0.2177863550517234,0.0727572216071225,-0.16972400825351291
US,P4 (2023-2026),GOLDILOCKS,XLY,0.25654896077878014,0.2177863550517234,0.038762605727056754,-0.1286193360181168
US,P4 (2023-2026),GOLDILOCKS,XLF,0.21928056088303458,0.2177863550517234,0.001494205831311185,-0.15827536888736068
US,P4 (2023-2026),GOLDILOCKS,XLE,0.10659611747806684,0.2177863550517234,-0.11119023757365655,-0.14819381690021122
US,P4 (2023-2026),GOLDILOCKS,XLB,0.11241726134051608,0.2177863550517234,-0.10536909371120731,-0.14346149566004915
US,P4 (2023-2026),GOLDILOCKS,XLRE,0.09375455057602114,0.2177863550517234,-0.12403180447570225,-0.16669561288311296
US,P4 (2023-2026),GOLDILOCKS,XLC,0.2978958167982626,0.2177863550517234,0.08010946174653921,-0.10742559816137233
US,P4 (2023-2026),GOLDILOCKS,XLU,0.05317710920386472,0.2177863550517234,-0.1646092458478587,-0.13439730223288657
US,P4 (2023-2026),GOLDILOCKS,XLV,0.14528932527667676,0.2177863550517234,-0.07249702977504663,-0.17109005503771635
US,P4 (2023-2026),GOLDILOCKS,XLI,0.20741525453371928,0.2177863550517234,-0.010371100518004106,-0.08359580054371461
US,P4 (2023-2026),GOLDILOCKS,DBC,0.06568000462107672,0.2177863550517234,-0.1521063504306467,-0.13822074940909618
US,P4 (2023-2026),REFLATION,XLK,0.10750501078191371,0.01514401602070251,0.09236099476121121,-0.09113443164306682
US,P4 (2023-2026),REFLATION,XLY,-0.18793828292413453,0.01514401602070251,-0.20308229894483704,-0.10200599235573439
US,P4 (2023-2026),REFLATION,XLF,-0.1858805559980922,0.01514401602070251,-0.2010245720187947,-0.12090181136667567
US,P4 (2023-2026),REFLATION,XLE,0.555444461835097,0.01514401602070251,0.5403004458143945,-0.10176573497868883
US,P4 (2023-2026),REFLATION,XLB,0.058740499952735316,0.01514401602070251,0.043596483932032803,-0.11380211169505026
US,P4 (2023-2026),REFLATION,XLRE,0.0006654438939680028,0.01514401602070251,-0.014478572126734509,-0.18613946636757706
US,P4 (2023-2026),REFLATION,XLC,0.1989755960113321,0.01514401602070251,0.1838315799906296,-0.05977538603937787
US,P4 (2023-2026),REFLATION,XLU,0.37479102565270156,0.01514401602070251,0.359647009631999,-0.17353703386820712
US,P4 (2023-2026),REFLATION,XLV,-0.14088916135371063,0.01514401602070251,-0.15603317737441313,-0.08152308244308648
US,P4 (2023-2026),REFLATION,XLI,0.16630934408077422,0.01514401602070251,0.1511653280600717,-0.07965344039220804
US,P4 (2023-2026),REFLATION,DBC,0.435741215576924,0.01514401602070251,0.4205971995562215,-0.06956515314652977
US,P4 (2023-2026),STAGFLATION,XLK,0.19870542018790485,0.029990499889101338,0.16871492029880353,-0.1768720337629133
US,P4 (2023-2026),STAGFLATION,XLY,0.27912152219266756,0.029990499889101338,0.2491310223035662,-0.1436480498786471
US,P4 (2023-2026),STAGFLATION,XLF,0.21776348644751722,0.029990499889101338,0.1877729865584159,-0.1290899369064514
US,P4 (2023-2026),STAGFLATION,XLE,-0.11452674915722015,0.029990499889101338,-0.1445172490463215,-0.18793161511193526
US,P4 (2023-2026),STAGFLATION,XLB,0.17260367300539542,0.029990499889101338,0.14261317311629407,-0.1464199429221631
US,P4 (2023-2026),STAGFLATION,XLRE,0.24084997272805111,0.029990499889101338,0.2108594728389498,-0.17085221888180538
US,P4 (2023-2026),STAGFLATION,XLC,0.1655633179812379,0.029990499889101338,0.13557281809213656,-0.13818289590877045
US,P4 (2023-2026),STAGFLATION,XLU,0.1886588811012214,0.029990499889101338,0.15866838121212007,-0.16589871111844173
US,P4 (2023-2026),STAGFLATION,XLV,-0.430098146297125,0.029990499889101338,-0.46008864618622636,-0.09908238712630069
US,P4 (2023-2026),STAGFLATION,XLI,-0.04760088157405546,0.029990499889101338,-0.0775913814631568,-0.13435952615521224
US,P4 (2023-2026),STAGFLATION,DBC,-0.13267842484867534,0.029990499889101338,-0.16266892473777667,-0.11200321382765675
US,P4 (2023-2026),DEFLATION,XLK,1.3627411619986698,0.45081633883954525,0.9119248231591246,-0.01357269701330332
US,P4 (2023-2026),DEFLATION,XLY,0.5753685626355178,0.45081633883954525,0.12455222379597258,-0.019262240463003327
US,P4 (2023-2026),DEFLATION,XLF,-0.6984054128270789,0.45081633883954525,-1.149221751666624,-0.059216749033465306
US,P4 (2023-2026),DEFLATION,XLE,-1.0858362934631525,0.45081633883954525,-1.5366526323026977,-0.06849805910991932
US,P4 (2023-2026),DEFLATION,XLB,-0.355794762370362,0.45081633883954525,-0.8066111012099073,-0.03649351771564917
US,P4 (2023-2026),DEFLATION,XLRE,-0.0824063212307836,0.45081633883954525,-0.5332226600703288,-0.022923745480276047
US,P4 (2023-2026),DEFLATION,XLC,1.0733385571534597,0.45081633883954525,0.6225222183139145,-0.009542728278309156
US,P4 (2023-2026),DEFLATION,XLU,0.7260080892042176,0.45081633883954525,0.2751917503646723,-0.009612763716121171
US,P4 (2023-2026),DEFLATION,XLV,-0.47555322598828825,0.45081633883954525,-0.9263695648278335,-0.055456675607704266
US,P4 (2023-2026),DEFLATION,XLI,0.26082022741998995,0.45081633883954525,-0.1899961114195553,-0.02824706085856546
US,P4 (2023-2026),DEFLATION,DBC,-0.32886143805388734,0.45081633883954525,-0.7796777768934327,-0.04182510975722238
EU,P1 (2005-2012),GOLDILOCKS,EXV3.DE,0.2773423646720657,0.17835685088745376,0.09898551378461193,-0.16956156041816028
EU,P1 (2005-2012),GOLDILOCKS,EXV8.DE,0.31525622661958697,0.17835685088745376,0.1368993757321332,-0.2348708517614132
EU,P1 (2005-2012),GOLDILOCKS,EXV1.DE,0.17051444489249948,0.17835685088745376,-0.007842405994954282,-0.4334160495442183
EU,P1 (2005-2012),GOLDILOCKS,EXV5.DE,0.2680037078104484,0.17835685088745376,0.08964685692299465,-0.20825234791429598
EU,P1 (2005-2012),GOLDILOCKS,EXV6.DE,0.2418679752360616,0.17835685088745376,0.06351112434860784,-0.36843708868907393
EU,P1 (2005-2012),GOLDILOCKS,EXV4.DE,0.203734318471092,0.17835685088745376,0.025377467583638236,-0.061626881390915024
EU,P1 (2005-2012),GOLDILOCKS,EXV2.DE,0.05058957995540378,0.17835685088745376,-0.12776727093204998,-0.23160770992059834
EU,P1 (2005-2012),GOLDILOCKS,EXW1.DE,0.14723366751314032,0.17835685088745376,-0.03112318337431344,-0.22325752605417556
EU,P1 (2005-2012),GOLDILOCKS,EXI5.DE,0.2648914791101827,0.17835685088745376,0.08653462822272892,-0.14240976514681153
EU,P1 (2005-2012),GOLDILOCKS,EXV9.DE,0.2074347436928823,0.17835685088745376,0.02907789280542855,-0.15119557198912006
EU,P1 (2005-2012),GOLDILOCKS,EXV7.DE,0.29575559161573217,0.17835685088745376,0.11739874072827841,-0.11497376230212494
EU,P1 (2005-2012),GOLDILOCKS,SXRS.DE,0.0,0.17835685088745376,-0.17835685088745376,
EU,P1 (2005-2012),STAGFLATION,EXV3.DE,-0.22932801155510876,-0.30613660541666315,0.07680859386155439,-0.5500534914306673
EU,P1 (2005-2012),STAGFLATION,EXV8.DE,-0.29335998049150613,-0.30613660541666315,0.01277662492515702,-0.5795514715116786
EU,P1 (2005-2012),STAGFLATION,EXV1.DE,-0.4611165142646839,-0.30613660541666315,-0.15497990884802076,-0.7707714037427459
EU,P1 (2005-2012),STAGFLATION,EXV5.DE,-0.09960122928553179,-0.30613660541666315,0.20653537613113138,-0.6218918604747007
EU,P1 (2005-2012),STAGFLATION,EXV6.DE,-0.16604352398803202,-0.30613660541666315,0.14009308142863114,-0.7435745595045952
EU,P1 (2005-2012),STAGFLATION,EXV4.DE,-0.08690794885907177,-0.30613660541666315,0.21922865655759138,-0.3362961241126875
EU,P1 (2005-2012),STAGFLATION,EXV2.DE,-0.18626210918100788,-0.30613660541666315,0.11987449623565527,-0.4632800541753222
EU,P1 (2005-2012),STAGFLATION,EXW1.DE,-0.32102592903835797,-0.30613660541666315,-0.014889323621694817,-0.5729894082003959
EU,P1 (2005-2012),STAGFLATION,EXI5.DE,-0.3185848281145438,-0.30613660541666315,-0.012448222697880651,-0.6539524416047202
EU,P1 (2005-2012),STAGFLATION,EXV9.DE,-0.20466616489938375,-0.30613660541666315,0.10147044051727941,-0.4987323659096235
EU,P1 (2005-2012),STAGFLATION,EXV7.DE,-0.22008314760368922,-0.30613660541666315,0.08605345781297394,-0.4891711741929784
EU,P1 (2005-2012),STAGFLATION,SXRS.DE,0.0,-0.30613660541666315,0.30613660541666315,
EU,P1 (2005-2012),DEFLATION,EXV3.DE,-0.08244074471450255,0.006477198416139466,-0.08891794313064201,-0.1929743181888333
EU,P1 (2005-2012),DEFLATION,EXV8.DE,-0.0670475042598517,0.006477198416139466,-0.07352470267599116,-0.24164982316553188
EU,P1 (2005-2012),DEFLATION,EXV1.DE,0.13899773237183027,0.006477198416139466,0.1325205339556908,-0.4688580683588922
EU,P1 (2005-2012),DEFLATION,EXV5.DE,0.3281480585919258,0.006477198416139466,0.32167086017578633,-0.24621407219740554
EU,P1 (2005-2012),DEFLATION,EXV6.DE,0.041699093637258475,0.006477198416139466,0.03522189522111901,-0.347414589796534
EU,P1 (2005-2012),DEFLATION,EXV4.DE,0.03808444835611977,0.006477198416139466,0.031607249939980306,-0.08475921462973347
EU,P1 (2005-2012),DEFLATION,EXV2.DE,-0.10233094287883579,0.006477198416139466,-0.10880814129497525,-0.16541924684138745
EU,P1 (2005-2012),DEFLATION,EXW1.DE,0.11034791640558755,0.006477198416139466,0.1038707179894481,-0.26112007488526756
EU,P1 (2005-2012),DEFLATION,EXI5.DE,0.12673524650959894,0.006477198416139466,0.12025804809345948,-0.19124482906491136
EU,P1 (2005-2012),DEFLATION,EXV9.DE,0.14205630096950295,0.006477198416139466,0.13557910255336347,-0.1430684701730181
EU,P1 (2005-2012),DEFLATION,EXV7.DE,0.30952418061541165,0.006477198416139466,0.3030469821992722,-0.11422490366459252
EU,P1 (2005-2012),DEFLATION,SXRS.DE,0.0,0.006477198416139466,-0.006477198416139466,
EU,P2 (2013-2019),GOLDILOCKS,EXV3.DE,0.18180756748458657,0.14312811476759643,0.03867945271699014,-0.10438981193988486
EU,P2 (2013-2019),GOLDILOCKS,EXV8.DE,0.17147496014723676,0.14312811476759643,0.02834684537964033,-0.12921798964718667
EU,P2 (2013-2019),GOLDILOCKS,EXV1.DE,0.1800463504493134,0.14312811476759643,0.03691823568171698,-0.3918722754714061
EU,P2 (2013-2019),GOLDILOCKS,EXV5.DE,0.18679677786590765,0.14312811476759643,0.04366866309831122,-0.3283902779026533
EU,P2 (2013-2019),GOLDILOCKS,EXV6.DE,0.1137264355795534,0.14312811476759643,-0.029401679188043026,-0.31012117278482726
EU,P2 (2013-2019),GOLDILOCKS,EXV4.DE,0.15792904319682732,0.14312811476759643,0.014800928429230892,-0.21854709992684804
EU,P2 (2013-2019),GOLDILOCKS,EXV2.DE,0.12202133776623358,0.14312811476759643,-0.021106777001362848,-0.3092561526128127
EU,P2 (2013-2019),GOLDILOCKS,EXW1.DE,0.17166241449292982,0.14312811476759643,0.02853429972533339,-0.17734176381947991
EU,P2 (2013-2019),GOLDILOCKS,EXI5.DE,0.09901040812150508,0.14312811476759643,-0.044117706646091354,-0.18512893573035397
EU,P2 (2013-2019),GOLDILOCKS,EXV9.DE,0.16755170059523225,0.14312811476759643,0.02442358582763582,-0.1790212038757119
EU,P2 (2013-2019),GOLDILOCKS,EXV7.DE,0.15607204202594405,0.14312811476759643,0.012943927258347615,-0.17656218401064125
EU,P2 (2013-2019),GOLDILOCKS,SXRS.DE,0.018403950910177533,0.14312811476759643,-0.1247241638574189,-0.11747370268169202
EU,P2 (2013-2019),REFLATION,EXV3.DE,-0.27419997122761774,-0.4537855181344857,0.17958554690686795,-0.020742968956249008
EU,P2 (2013-2019),REFLATION,EXV8.DE,0.04016006794641227,-0.4537855181344857,0.49394558608089795,-0.016754132648008613
EU,P2 (2013-2019),REFLATION,EXV1.DE,-0.19206636346289233,-0.4537855181344857,0.26171915467159335,-0.2865968475182718
EU,P2 (2013-2019),REFLATION,EXV5.DE,-0.33568096453578156,-0.4537855181344857,0.11810455359870414,-0.1327714508250335
EU,P2 (2013-2019),REFLATION,EXV6.DE,-0.2685529686782277,-0.4537855181344857,0.185232549456258,-0.04860943645580509
EU,P2 (2013-2019),REFLATION,EXV4.DE,0.11513452972091931,-0.4537855181344857,0.5689200478554051,-0.2002617367897162
EU,P2 (2013-2019),REFLATION,EXV2.DE,-0.6685348468509952,-0.4537855181344857,-0.21474932871650948,-0.2331380752087959
EU,P2 (2013-2019),REFLATION,EXW1.DE,-0.4495593794519226,-0.4537855181344857,0.0042261386825631075,-0.1263550304775854
EU,P2 (2013-2019),REFLATION,EXI5.DE,0.3370178033229461,-0.4537855181344857,0.7908033214574318,-0.16405203659003598
EU,P2 (2013-2019),REFLATION,EXV9.DE,0.3202031558717616,-0.4537855181344857,0.7739886740062474,-0.1441201722400919
EU,P2 (2013-2019),REFLATION,EXV7.DE,-0.7198423524382743,-0.4537855181344857,-0.2660568343037886,-0.11364202926099749
EU,P2 (2013-2019),REFLATION,SXRS.DE,0.0,-0.4537855181344857,0.4537855181344857,
EU,P2 (2013-2019),STAGFLATION,EXV3.DE,0.016987027938495446,-0.19867947547060602,0.21566650340910146,-0.16441474023222757
EU,P2 (2013-2019),STAGFLATION,EXV8.DE,-0.04651417557653283,-0.19867947547060602,0.15216529989407318,-0.15011838605052027
EU,P2 (2013-2019),STAGFLATION,EXV1.DE,-0.47398922106057445,-0.19867947547060602,-0.27530974558996846,-0.40562235710586375
EU,P2 (2013-2019),STAGFLATION,EXV5.DE,-0.250963408077222,-0.19867947547060602,-0.052283932606615985,-0.2557961671174402
EU,P2 (2013-2019),STAGFLATION,EXV6.DE,0.11195121555654997,-0.19867947547060602,0.310630691027156,-0.5403502639804094
EU,P2 (2013-2019),STAGFLATION,EXV4.DE,-0.13017240783349984,-0.19867947547060602,0.06850706763710618,-0.19133847818426591
EU,P2 (2013-2019),STAGFLATION,EXV2.DE,-0.06468232621326293,-0.19867947547060602,0.13399714925734307,-0.24182409299940524
EU,P2 (2013-2019),STAGFLATION,EXW1.DE,-0.1707970015727123,-0.19867947547060602,0.027882473897893723,-0.19595698688957816
EU,P2 (2013-2019),STAGFLATION,EXI5.DE,0.02859618711204375,-0.19867947547060602,0.22727566258264978,-0.18440990922569916
EU,P2 (2013-2019),STAGFLATION,EXV9.DE,-0.085224425394045,-0.19867947547060602,0.11345505007656102,-0.21010693563300095
EU,P2 (2013-2019),STAGFLATION,EXV7.DE,-0.11771083103712966,-0.19867947547060602,0.08096864443347636,-0.18683108463697698
EU,P2 (2013-2019),STAGFLATION,SXRS.DE,0.014036041817605071,-0.19867947547060602,0.2127155172882111,-0.004498328815021723
EU,P2 (2013-2019),DEFLATION,EXV3.DE,0.11625267879398397,0.01190054768821912,0.10435213110576486,-0.2546902397882187
EU,P2 (2013-2019),DEFLATION,EXV8.DE,0.12072257435411161,0.01190054768821912,0.1088220266658925,-0.2197182851025364
EU,P2 (2013-2019),DEFLATION,EXV1.DE,-0.06606348293197233,0.01190054768821912,-0.07796403062019144,-0.3531559071357836
EU,P2 (2013-2019),DEFLATION,EXV5.DE,0.06871661589167985,0.01190054768821912,0.05681606820346073,-0.30813492453333624
EU,P2 (2013-2019),DEFLATION,EXV6.DE,-0.11890656866362621,0.01190054768821912,-0.13080711635184533,-0.41989341138207736
EU,P2 (2013-2019),DEFLATION,EXV4.DE,0.15869823234823144,0.01190054768821912,0.1467976846600123,-0.14157001382414433
EU,P2 (2013-2019),DEFLATION,EXV2.DE,0.002940218838527919,0.01190054768821912,-0.008960328849691201,-0.2962332117543032
EU,P2 (2013-2019),DEFLATION,EXW1.DE,0.04754575702948295,0.01190054768821912,0.035645209341263834,-0.16375513075246384
EU,P2 (2013-2019),DEFLATION,EXI5.DE,0.10634029687619777,0.01190054768821912,0.09443974918797865,-0.14821572496139873
EU,P2 (2013-2019),DEFLATION,EXV9.DE,0.056574474826308375,0.01190054768821912,0.04467392713808926,-0.18422675627871918
EU,P2 (2013-2019),DEFLATION,EXV7.DE,0.06858359801456933,0.01190054768821912,0.05668305032635021,-0.19734549137882806
EU,P2 (2013-2019),DEFLATION,SXRS.DE,-0.05641904456526619,0.01190054768821912,-0.06831959225348531,-0.1315042060217323
EU,P3 (2020-2022),GOLDILOCKS,EXV3.DE,0.11244569009450289,-0.09081131194779128,0.2032570020422942,-0.2769933271889683
EU,P3 (2020-2022),GOLDILOCKS,EXV8.DE,-0.15442350502399224,-0.09081131194779128,-0.06361219307620096,-0.17179377028710727
EU,P3 (2020-2022),GOLDILOCKS,EXV1.DE,-0.3023737441929313,-0.09081131194779128,-0.21156243224514,-0.43311420009845547
EU,P3 (2020-2022),GOLDILOCKS,EXV5.DE,-0.18926558910800184,-0.09081131194779128,-0.09845427716021056,-0.2047178339806472
EU,P3 (2020-2022),GOLDILOCKS,EXV6.DE,-0.2516220158953988,-0.09081131194779128,-0.1608107039476075,-0.15735729324840736
EU,P3 (2020-2022),GOLDILOCKS,EXV4.DE,-0.021249397215357492,-0.09081131194779128,0.06956191473243378,-0.09017837685645384
EU,P3 (2020-2022),GOLDILOCKS,EXV2.DE,-0.027034676324341863,-0.09081131194779128,0.06377663562344942,-0.21286411620349383
EU,P3 (2020-2022),GOLDILOCKS,EXW1.DE,-0.0907809527222183,-0.09081131194779128,3.035922557298454e-05,-0.13615063227765492
EU,P3 (2020-2022),GOLDILOCKS,EXI5.DE,0.07637422576546199,-0.09081131194779128,0.16718553771325328,-0.37047406689610207
EU,P3 (2020-2022),GOLDILOCKS,EXV9.DE,-0.28474037427367854,-0.09081131194779128,-0.19392906232588725,-0.37097754323159376
EU,P3 (2020-2022),GOLDILOCKS,EXV7.DE,-0.03410452537802889,-0.09081131194779128,0.05670678656976239,-0.1318782380963528
EU,P3 (2020-2022),GOLDILOCKS,SXRS.DE,0.12073405493287365,-0.09081131194779128,0.21154536688066494,-0.19903655295695946
EU,P3 (2020-2022),REFLATION,EXV3.DE,0.316299934323095,0.2899467290952183,0.026353205227876708,-0.30259071156255835
EU,P3 (2020-2022),REFLATION,EXV8.DE,0.3414063077824741,0.2899467290952183,0.051459578687255814,-0.2054725666219421
EU,P3 (2020-2022),REFLATION,EXV1.DE,0.5892859973248346,0.2899467290952183,0.29933926822961626,-0.16569847790447992
EU,P3 (2020-2022),REFLATION,EXV5.DE,0.438390072931362,0.2899467290952183,0.14844334383614372,-0.2390429747367449
EU,P3 (2020-2022),REFLATION,EXV6.DE,0.6261563486088992,0.2899467290952183,0.33620961951368095,-0.13741733878417317
EU,P3 (2020-2022),REFLATION,EXV4.DE,0.16285227986822368,0.2899467290952183,-0.12709444922699462,-0.08765794350937037
EU,P3 (2020-2022),REFLATION,EXV2.DE,0.1616114055916636,0.2899467290952183,-0.1283353235035547,-0.19507971873526772
EU,P3 (2020-2022),REFLATION,EXW1.DE,0.31525939249606183,0.2899467290952183,0.025312663400843538,-0.12849936202394735
EU,P3 (2020-2022),REFLATION,EXI5.DE,0.20832891046045812,0.2899467290952183,-0.08161781863476017,-0.4151815859824123
EU,P3 (2020-2022),REFLATION,EXV9.DE,0.2589351124215091,0.2899467290952183,-0.03101161667370922,-0.30253159230471777
EU,P3 (2020-2022),REFLATION,EXV7.DE,0.2130550659237461,0.2899467290952183,-0.0768916631714722,-0.16612482138405754
EU,P3 (2020-2022),REFLATION,SXRS.DE,0.195949506504925,0.2899467290952183,-0.0939972225902933,-0.09994549875843133
EU,P3 (2020-2022),STAGFLATION,EXV3.DE,-0.32424979471791415,-0.12880987452028833,-0.19543992019762582,-0.28435931314459784
EU,P3 (2020-2022),STAGFLATION,EXV8.DE,-0.1930506368518599,-0.12880987452028833,-0.06424076233157158,-0.24075572395679057
EU,P3 (2020-2022),STAGFLATION,EXV1.DE,-0.06707709005175416,-0.12880987452028833,0.06173278446853417,-0.2730296741523394
EU,P3 (2020-2022),STAGFLATION,EXV5.DE,-0.26365344700411864,-0.12880987452028833,-0.1348435724838303,-0.271812149875517
EU,P3 (2020-2022),STAGFLATION,EXV6.DE,-0.03583093648303412,-0.12880987452028833,0.09297893803725421,-0.297102571815658
EU,P3 (2020-2022),STAGFLATION,EXV4.DE,0.05707086594243502,-0.12880987452028833,0.18588074046272335,-0.19275773483400138
EU,P3 (2020-2022),STAGFLATION,EXV2.DE,-0.14869832158627572,-0.12880987452028833,-0.019888447065987386,-0.21160616796601228
EU,P3 (2020-2022),STAGFLATION,EXW1.DE,-0.09525204726900685,-0.12880987452028833,0.03355782725128148,-0.1965511105196425
EU,P3 (2020-2022),STAGFLATION,EXI5.DE,-0.4807128889821099,-0.12880987452028833,-0.3519030144618216,-0.4444843280485812
EU,P3 (2020-2022),STAGFLATION,EXV9.DE,-0.1116298983305635,-0.12880987452028833,0.017179976189724833,-0.29505993982969353
EU,P3 (2020-2022),STAGFLATION,EXV7.DE,-0.07176961500894197,-0.12880987452028833,0.057040259511346364,-0.19278618848374987
EU,P3 (2020-2022),STAGFLATION,SXRS.DE,0.321952177087508,-0.12880987452028833,0.45076205160779637,-0.15458156206739637
EU,P3 (2020-2022),DEFLATION,EXV3.DE,0.09998099920236216,-0.1259300377629937,0.22591103696535586,-0.28866944629417357
EU,P3 (2020-2022),DEFLATION,EXV8.DE,0.00666567238885505,-0.1259300377629937,0.13259571015184873,-0.37282557255924537
EU,P3 (2020-2022),DEFLATION,EXV1.DE,-0.4344579655405818,-0.1259300377629937,-0.3085279277775881,-0.3879620511363304
EU,P3 (2020-2022),DEFLATION,EXV5.DE,0.15140095968465989,-0.1259300377629937,0.27733099744765355,-0.3804348085217569
EU,P3 (2020-2022),DEFLATION,EXV6.DE,0.08266601388976287,-0.1259300377629937,0.20859605165275658,-0.31874293355651534
EU,P3 (2020-2022),DEFLATION,EXV4.DE,-0.055502016390817414,-0.1259300377629937,0.07042802137217627,-0.193309956746586
EU,P3 (2020-2022),DEFLATION,EXV2.DE,-0.24254608025363242,-0.1259300377629937,-0.11661604249063873,-0.2703789371166861
EU,P3 (2020-2022),DEFLATION,EXW1.DE,-0.10371416960187253,-0.1259300377629937,0.022215868161121158,-0.31220472479111283
EU,P3 (2020-2022),DEFLATION,EXI5.DE,-0.3557767616261873,-0.1259300377629937,-0.22984672386319363,-0.34868486023825207
EU,P3 (2020-2022),DEFLATION,EXV9.DE,-0.29094498124308443,-0.1259300377629937,-0.16501494348009074,-0.47108288734948955
EU,P3 (2020-2022),DEFLATION,EXV7.DE,0.11362981722844351,-0.1259300377629937,0.2395598549914372,-0.2370093992460767
EU,P3 (2020-2022),DEFLATION,SXRS.DE,-0.18357057958267484,-0.1259300377629937,-0.057640541819681146,-0.1681972202168353
EU,P4 (2023-2026),GOLDILOCKS,EXV3.DE,0.10924551460546862,0.10892747175739553,0.00031804284807308847,-0.15112003858043868
EU,P4 (2023-2026),GOLDILOCKS,EXV8.DE,0.14979229991737567,0.10892747175739553,0.04086482815998013,-0.07828385081678237
EU,P4 (2023-2026),GOLDILOCKS,EXV1.DE,0.3087614100333792,0.10892747175739553,0.19983393827598367,-0.17234731961205174
EU,P4 (2023-2026),GOLDILOCKS,EXV5.DE,0.1113856858184029,0.10892747175739553,0.002458214061007366,-0.26815262517926924
EU,P4 (2023-2026),GOLDILOCKS,EXV6.DE,-0.06261061617549936,0.10892747175739553,-0.17153808793289488,-0.2557897190385789
EU,P4 (2023-2026),GOLDILOCKS,EXV4.DE,0.07702883613323434,0.10892747175739553,-0.03189863562416119,-0.22920347534653285
EU,P4 (2023-2026),GOLDILOCKS,EXV2.DE,0.04792332490084105,0.10892747175739553,-0.06100414685655448,-0.1461299793590772
EU,P4 (2023-2026),GOLDILOCKS,EXW1.DE,0.1275050272332548,0.10892747175739553,0.018577555475859264,-0.060862954196501146
EU,P4 (2023-2026),GOLDILOCKS,EXI5.DE,-0.051257939906351815,0.10892747175739553,-0.16018541166374733,-0.24795971376704048
EU,P4 (2023-2026),GOLDILOCKS,EXV9.DE,0.1633943191371176,0.10892747175739553,0.05446684737972207,-0.15383147365413694
EU,P4 (2023-2026),GOLDILOCKS,EXV7.DE,0.011783919876365543,0.10892747175739553,-0.09714355188103,-0.14194439112712479
EU,P4 (2023-2026),GOLDILOCKS,SXRS.DE,0.0032328680636882785,0.10892747175739553,-0.10569460369370726,-0.11910113162205352
EU,P4 (2023-2026),REFLATION,EXV3.DE,0.11652807175949986,0.21116044388745672,-0.09463237212795686,-0.16565143169588833
EU,P4 (2023-2026),REFLATION,EXV8.DE,0.1858462683948613,0.21116044388745672,-0.02531417549259543,-0.13722631337558538
EU,P4 (2023-2026),REFLATION,EXV1.DE,0.406513897168381,0.21116044388745672,0.19535345328092427,-0.14283827979965966
EU,P4 (2023-2026),REFLATION,EXV5.DE,-0.10033745323716357,0.21116044388745672,-0.3114978971246203,-0.3318226547918284
EU,P4 (2023-2026),REFLATION,EXV6.DE,0.3634497137354444,0.21116044388745672,0.15228926984798766,-0.23887586804653807
EU,P4 (2023-2026),REFLATION,EXV4.DE,0.149421665881882,0.21116044388745672,-0.06173877800557473,-0.15920697267351985
EU,P4 (2023-2026),REFLATION,EXV2.DE,0.41840620227381525,0.21116044388745672,0.20724575838635853,-0.11575931320767174
EU,P4 (2023-2026),REFLATION,EXW1.DE,0.22040573456808468,0.21116044388745672,0.00924529068062796,-0.08816528876727811
EU,P4 (2023-2026),REFLATION,EXI5.DE,0.15828400828779793,0.21116044388745672,-0.052876435599658794,-0.17135606159150363
EU,P4 (2023-2026),REFLATION,EXV9.DE,-0.0868731089911839,0.21116044388745672,-0.29803355287864064,-0.19475430421636253
EU,P4 (2023-2026),REFLATION,EXV7.DE,0.04862726115401439,0.21116044388745672,-0.16253318273344233,-0.16108027164571986
EU,P4 (2023-2026),REFLATION,SXRS.DE,0.2634070014530472,0.21116044388745672,0.05224655756559046,-0.16029699468045355
EU,P4 (2023-2026),STAGFLATION,EXV3.DE,0.19201746052109483,-0.04557326685168983,0.23759072737278467,-0.10040161434703852
EU,P4 (2023-2026),STAGFLATION,EXV8.DE,0.21447620946027582,-0.04557326685168983,0.2600494763119656,-0.06700309974392675
EU,P4 (2023-2026),STAGFLATION,EXV1.DE,0.011159296296511878,-0.04557326685168983,0.05673256314820171,-0.07023265512161674
EU,P4 (2023-2026),STAGFLATION,EXV5.DE,-0.2606736932655068,-0.04557326685168983,-0.215100426413817,-0.2088122578001425
EU,P4 (2023-2026),STAGFLATION,EXV6.DE,0.15982853444785317,-0.04557326685168983,0.205401801299543,-0.2574956656924899
EU,P4 (2023-2026),STAGFLATION,EXV4.DE,-0.6210099236679109,-0.04557326685168983,-0.575436656816221,-0.18836351642456253
EU,P4 (2023-2026),STAGFLATION,EXV2.DE,-0.19302429378878477,-0.04557326685168983,-0.14745102693709494,-0.05548024905650961
EU,P4 (2023-2026),STAGFLATION,EXW1.DE,-0.02832965040357801,-0.04557326685168983,0.017243616448111822,-0.05251918946933411
EU,P4 (2023-2026),STAGFLATION,EXI5.DE,0.39429714892050705,-0.04557326685168983,0.4398704157721969,-0.12617775529564756
EU,P4 (2023-2026),STAGFLATION,EXV9.DE,0.0076147238582248205,-0.04557326685168983,0.05318799070991465,-0.20002711627881983
EU,P4 (2023-2026),STAGFLATION,EXV7.DE,0.01664102098371324,-0.04557326685168983,0.06221428783540307,-0.11409969286919365
EU,P4 (2023-2026),STAGFLATION,SXRS.DE,-0.32790643660809726,-0.04557326685168983,-0.28233316975640743,-0.0629813968686036
EU,P4 (2023-2026),DEFLATION,EXV3.DE,0.3227201695855402,0.055137914191904,0.26758225539363617,-0.07518403187745885
EU,P4 (2023-2026),DEFLATION,EXV8.DE,0.13740685866523247,0.055137914191904,0.08226894447332847,-0.042626870636698136
EU,P4 (2023-2026),DEFLATION,EXV1.DE,0.30764656726031103,0.055137914191904,0.25250865306840703,-0.03757564920290283
EU,P4 (2023-2026),DEFLATION,EXV5.DE,-0.24118700552563943,0.055137914191904,-0.29632491971754343,-0.11235095708172044
EU,P4 (2023-2026),DEFLATION,EXV6.DE,-0.17664275226142767,0.055137914191904,-0.23178066645333167,-0.06669072896400155
EU,P4 (2023-2026),DEFLATION,EXV4.DE,-0.033345253658916496,0.055137914191904,-0.0884831678508205,-0.14574957673835404
EU,P4 (2023-2026),DEFLATION,EXV2.DE,0.37330448519936477,0.055137914191904,0.31816657100746076,-0.04842610989337336
EU,P4 (2023-2026),DEFLATION,EXW1.DE,0.1861513736845989,0.055137914191904,0.13101345949269488,-0.03023212643737558
EU,P4 (2023-2026),DEFLATION,EXI5.DE,0.16190858095228478,0.055137914191904,0.10677066676038077,-0.13499476952871314
EU,P4 (2023-2026),DEFLATION,EXV9.DE,0.5035400189822686,0.055137914191904,0.44840210479036463,-0.03964504780522036
EU,P4 (2023-2026),DEFLATION,EXV7.DE,-0.06629527435252608,0.055137914191904,-0.12143318854443008,-0.09853604166806854
EU,P4 (2023-2026),DEFLATION,SXRS.DE,0.25591930186441564,0.055137914191904,0.20078138767251164,-0.03218310737094704
