Zone,Regime,Sector,IR,Win_Rate,Skewness,Kurtosis,CVaR_95
US,GOLDILOCKS,XLK,0.9713949569202465,0.6160714285714286,-0.4014984575742878,2.4448417674342666,-0.027602064220164462
US,GOLDILOCKS,XLY,0.5559605094254294,0.5803571428571429,-0.28931034449808674,1.801775123367058,-0.022929831593494522
US,GOLDILOCKS,XLF,0.11196485574435489,0.5178571428571429,-0.14883092187193955,5.767788965848737,-0.024427459680213367
US,GOLDILOCKS,XLE,-0.846407323175852,0.4107142857142857,0.37260834293729667,7.162256662550627,-0.03295517960637561
US,GOLDILOCKS,XLB,-0.6197223078496636,0.4642857142857143,-0.27651388704002566,2.4965762602401593,-0.022565622077160584
US,GOLDILOCKS,XLRE,-0.5478716914808991,0.3482142857142857,-0.05671626132458871,4.265976673467586,-0.020264339196495014
US,GOLDILOCKS,XLC,-0.20298343563903726,0.4642857142857143,0.05645598675938569,6.814464783465237,-0.02047844095395542
US,GOLDILOCKS,XLU,-0.4943092953008704,0.48214285714285715,0.006796658596125367,2.736345112071448,-0.02035671266697543
US,GOLDILOCKS,XLV,0.026662567340821966,0.49107142857142855,-0.018236367265963012,3.775405923849924,-0.018888244142343323
US,GOLDILOCKS,XLI,-0.12460861832356875,0.48214285714285715,-0.27993476944676027,2.9912363215782003,-0.021947148025101927
US,GOLDILOCKS,DBC,-1.1472266652580518,0.44642857142857145,-0.21298767971667606,1.6607275504395975,-0.022159831285060865
US,REFLATION,XLK,0.5521358485131104,0.5615384615384615,-0.29826245268219376,1.9818252687908515,-0.023014937873044806
US,REFLATION,XLY,0.20268933040117337,0.5769230769230769,-0.26347173352871583,2.1206953596488134,-0.023214626360115648
US,REFLATION,XLF,0.1101236452418527,0.46153846153846156,-0.27667144550575806,3.400038671305058,-0.026501505910383756
US,REFLATION,XLE,0.7187918301807396,0.5384615384615384,-0.09550301521997706,1.1354695107111619,-0.028746329471407765
US,REFLATION,XLB,0.30803287299543824,0.5384615384615384,-0.3178167931435671,1.5001002932257794,-0.025674348968953535
US,REFLATION,XLRE,-0.8763720059066785,0.3923076923076923,-0.599679233930326,9.965988988610953,-0.0156140856818782
US,REFLATION,XLC,-0.9962803652746716,0.3923076923076923,-0.9927439617077695,35.31901320629223,-0.01217878204047824
US,REFLATION,XLU,0.12377586243090849,0.5,-0.2964479578845513,1.4169485623295142,-0.019611777249577116
US,REFLATION,XLV,-0.028550396821688143,0.47692307692307695,-0.3338158195535255,1.7649464301487017,-0.01775111205187759
US,REFLATION,XLI,0.7382383083536108,0.5615384615384615,-0.2084675890876888,2.206402942714633,-0.02136887369629841
US,REFLATION,DBC,0.07767295927932556,0.46923076923076923,-0.2642729886483996,2.099049189683562,-0.023476244962870048
US,STAGFLATION,XLK,0.254667362044572,0.5294117647058824,0.6201330689440662,5.121646993158725,-0.04195718977006361
US,STAGFLATION,XLY,-1.276086525034002,0.4117647058823529,0.31292981932712005,2.171007761680137,-0.043723261519187616
US,STAGFLATION,XLF,-0.07257333894899291,0.4411764705882353,0.8458493164234975,3.3627947995190706,-0.03961635686385607
US,STAGFLATION,XLE,1.5412394302248864,0.6176470588235294,-0.42308452198385527,1.3057869310272734,-0.04810155589444881
US,STAGFLATION,XLB,0.5813425399611687,0.5882352941176471,0.3050240733067826,1.3973102454724016,-0.0369395335898637
US,STAGFLATION,XLRE,-0.09790270150453809,0.5,0.2623506571855126,5.155884766362428,-0.031120690850552264
US,STAGFLATION,XLC,-0.515915007901533,0.4117647058823529,0.11828823770558379,4.237854693915143,-0.03749078873003219
US,STAGFLATION,XLU,0.9986629052655125,0.6470588235294118,-0.3620778849088734,1.4460237687658024,-0.030267162573685016
US,STAGFLATION,XLV,0.7651879413389899,0.6470588235294118,-0.1670954888015793,1.3336232268484478,-0.024751320423654577
US,STAGFLATION,XLI,0.12827295519851106,0.5588235294117647,0.2621602881047914,2.8131091860021415,-0.03324146543068118
US,STAGFLATION,DBC,1.3857141603282508,0.6764705882352942,-0.48719885600154794,2.357186654493014,-0.03358478837072953
US,DEFLATION,XLK,0.77255920908387,0.5918367346938775,0.20377087507493752,5.328326997536712,-0.05470987108078077
US,DEFLATION,XLY,1.172032533693559,0.673469387755102,-0.28652615599225545,3.0941145300744353,-0.05692329391389513
US,DEFLATION,XLF,-0.24677293175266654,0.42857142857142855,0.28293010399754615,3.6626996358655077,-0.09188077375086225
US,DEFLATION,XLE,-0.4001892458083579,0.3673469387755102,-0.2655071593009824,5.481333100767667,-0.08207777065564197
US,DEFLATION,XLB,0.20786091049752858,0.5510204081632653,-0.022345304179315947,3.463716395666097,-0.06260200017363364
US,DEFLATION,XLRE,0.4132289569829979,0.6122448979591837,-1.5952640076980589,31.727934261455765,-0.03886213803196548
US,DEFLATION,XLC,0.44918275501336424,0.6530612244897959,-0.8720901834175385,28.22941746452461,-0.031086584721177413
US,DEFLATION,XLU,0.17623831193791056,0.5102040816326531,0.5420112970841888,8.36399428105826,-0.0500603187936988
US,DEFLATION,XLV,-0.13939598782458054,0.4897959183673469,0.059311928418106466,5.802851174966175,-0.0437151834045816
US,DEFLATION,XLI,0.17121731817955463,0.5510204081632653,-0.03399431147768519,3.393577968603042,-0.057103046042554784
US,DEFLATION,DBC,-0.8566838408406858,0.40816326530612246,-0.30662399635315307,1.5913219406453054,-0.0441409901171101
EU,GOLDILOCKS,EXV3.DE,0.4882324918002531,0.5748031496062992,-0.2179963936246147,1.9330293214806344,-0.024775331305848546
EU,GOLDILOCKS,EXV8.DE,0.5374858783216768,0.5354330708661418,0.05752880109022932,2.052138131194088,-0.02270814912043563
EU,GOLDILOCKS,EXV1.DE,0.4293360637927186,0.5590551181102362,-0.20711275488893335,1.8808211798496872,-0.02672470979559049
EU,GOLDILOCKS,EXV5.DE,0.29454426029179503,0.5511811023622047,-0.01008629335591464,1.158898525675788,-0.028650877438370446
EU,GOLDILOCKS,EXV6.DE,-0.19061100728437239,0.4566929133858268,0.18979824656845562,1.240568981206538,-0.032003900663514794
EU,GOLDILOCKS,EXV4.DE,0.09374427193014617,0.5118110236220472,-0.04096841610266446,1.7136485151504628,-0.01718388796363248
EU,GOLDILOCKS,EXV2.DE,-0.371408393685333,0.48031496062992124,0.10559155124199641,1.037990260152256,-0.017105511497761208
EU,GOLDILOCKS,EXW1.DE,0.40531664561616826,0.7165354330708661,-0.20455640141114273,1.9164555142754818,-0.021798914130825357
EU,GOLDILOCKS,EXI5.DE,-0.15338835849001556,0.5039370078740157,0.1896978078292694,2.8018701038961042,-0.02162658815704633
EU,GOLDILOCKS,EXV9.DE,0.1621614147731919,0.44881889763779526,-0.06371764100327307,2.776726351984422,-0.02324639091319014
EU,GOLDILOCKS,EXV7.DE,0.196288001963798,0.5275590551181102,-0.09261056824836444,1.3199738990904466,-0.02091897737305089
EU,GOLDILOCKS,SXRS.DE,-0.7158565326164368,0.4330708661417323,-0.16381067714429517,10.542647516812739,-0.011614366385015082
EU,REFLATION,EXV3.DE,-0.14855980348273348,0.5238095238095238,0.06196725075190004,1.6712413725526645,-0.0311329268989087
EU,REFLATION,EXV8.DE,0.28392050372100947,0.5476190476190477,0.19488515401610246,2.6632099457437945,-0.023401181109489928
EU,REFLATION,EXV1.DE,1.6848004062808732,0.5952380952380952,0.5219261719629412,8.772911751529978,-0.030665000174478815
EU,REFLATION,EXV5.DE,-0.39339034478561286,0.40476190476190477,-0.16648995735917108,1.610647905596882,-0.03266056838777317
EU,REFLATION,EXV6.DE,1.2704216074313288,0.6666666666666666,-0.09386604724310035,0.4149646151862951,-0.033043647676358485
EU,REFLATION,EXV4.DE,-0.49671859917549854,0.42857142857142855,0.1429941066584596,2.62293646758127,-0.018954009567470967
EU,REFLATION,EXV2.DE,0.23320723991111808,0.47619047619047616,-0.30795927308361803,1.175290321636182,-0.01942210354970089
EU,REFLATION,EXW1.DE,1.104993945337285,0.6904761904761905,0.03521873469914472,4.483362797671509,-0.02108098138140854
EU,REFLATION,EXI5.DE,-0.23023666499065548,0.5,-0.048263840297066124,3.0024057428239974,-0.02421338168077504
EU,REFLATION,EXV9.DE,-0.7623035434290516,0.40476190476190477,-0.29398244640494164,3.0573947796085594,-0.03250044058196402
EU,REFLATION,EXV7.DE,-1.063818797758015,0.38095238095238093,0.14937874209465268,1.5561079375817854,-0.020588992666116877
EU,REFLATION,SXRS.DE,-0.04637881128275133,0.4523809523809524,-0.4579251745120665,4.406045258147882,-0.022589157792304346
EU,STAGFLATION,EXV3.DE,0.3213223340929696,0.5522388059701493,0.08772519774765306,1.946205263830942,-0.04849991942955191
EU,STAGFLATION,EXV8.DE,0.24680287340397597,0.6119402985074627,0.15753525477905844,3.1348309432224157,-0.05133594020705387
EU,STAGFLATION,EXV1.DE,-0.5817941169033913,0.40298507462686567,0.19319989766032725,4.491864162751623,-0.06529034126495044
EU,STAGFLATION,EXV5.DE,0.12295976407970265,0.5223880597014925,5.24055934549238,90.67043866388825,-0.06338009546885666
EU,STAGFLATION,EXV6.DE,0.5163645784109996,0.6268656716417911,0.1899390265354313,4.0364872227489865,-0.07257120136422829
EU,STAGFLATION,EXV4.DE,0.5906673770905149,0.5373134328358209,0.0538474537043792,4.14517830789438,-0.03347860273852722
EU,STAGFLATION,EXV2.DE,0.4340125390308739,0.5522388059701493,0.01304735024639136,4.606093263587166,-0.037814508023929994
EU,STAGFLATION,EXW1.DE,0.09598271723401541,0.6567164179104478,0.1294826326213858,3.387445423727205,-0.04770786827841618
EU,STAGFLATION,EXI5.DE,-0.0038806585478574547,0.4626865671641791,-0.31055368413565776,2.968705210496905,-0.04783137556093031
EU,STAGFLATION,EXV9.DE,0.3641924916692605,0.5223880597014925,-0.12736108336903798,3.167869946847155,-0.0503088391769949
EU,STAGFLATION,EXV7.DE,0.46192748252105936,0.582089552238806,0.1820660498252968,3.836597308725044,-0.04482899879477529
EU,STAGFLATION,SXRS.DE,0.8334601262515678,0.6567164179104478,-0.22127799115617577,18.70262579411332,-0.019081300218045404
EU,DEFLATION,EXV3.DE,0.5405182162713865,0.6142857142857143,-0.3213554717971473,4.576905562276975,-0.03617908149998092
EU,DEFLATION,EXV8.DE,0.3986515600984945,0.5571428571428572,-0.6921434294890534,8.50113091187825,-0.04111674815909379
EU,DEFLATION,EXV1.DE,-0.2273071703318653,0.44285714285714284,0.15943636486057494,9.868587137343052,-0.048891143627045566
EU,DEFLATION,EXV5.DE,0.7993718323198626,0.6142857142857143,-0.08321848394925536,7.700619349467468,-0.04725773221034447
EU,DEFLATION,EXV6.DE,-0.1155369173329865,0.5142857142857142,-0.14383963279450748,5.779535566095289,-0.05260317678578054
EU,DEFLATION,EXV4.DE,0.450943274536404,0.5571428571428572,-0.6773410371387231,8.396491743209328,-0.02701721766312592
EU,DEFLATION,EXV2.DE,-0.23790753465634135,0.4,-0.3301826972418094,9.892816988275422,-0.03069104443625549
EU,DEFLATION,EXW1.DE,1.2621261890961954,0.7428571428571429,-0.20736534709152063,9.169165351000826,-0.03786448770696123
EU,DEFLATION,EXI5.DE,0.22009871718835117,0.5571428571428572,-0.5975128629207572,9.64766421744893,-0.036318208212069186
EU,DEFLATION,EXV9.DE,0.2631280748558154,0.5428571428571428,-0.2262061962005433,8.764874397247976,-0.04363477009890037
EU,DEFLATION,EXV7.DE,1.1750029670065865,0.5428571428571428,-0.553159935389339,5.378464804318957,-0.034307406091042894
EU,DEFLATION,SXRS.DE,-0.13381061453902104,0.45714285714285713,-0.9971349645674102,11.191202329631444,-0.0192799409415986
